Name,Price
"HP CHROMEBOOK X360 2-IN-1 11.6"" TOUCHSCREEN 4GB 64GB LAPTOP TABLET 11-AE051WM","INR 13,905.58"
New Dell XPS 13 9360 13.3'' FHD InfinityEdge Laptop i7-8550U 8GB 256GB SSD,"INR 68,800.58"
"Dell Chromebook 11 CB1C13 11.6"" Intel 1.4GHz 4GB RAM 16GB Flash FREE US SHIPPING","INR 4,866.50"
,"INR 5,492.98"
,"INR 25,034.77"
New Asus TUF FX705GM-BI7N5 17.3'' FHD Laptop i7-8750H 16GB 512GB SSD GTX 1060,"INR 78,534.97"
"Lenovo Flex 14 2-in-1 Convertible Laptop, 14 Inch HD (1366 x 768)...","INR 29,828.95"
Acer Intel(R)Core(TM)2 Duo Cpu T5550 1.83GHz RAM 3.00G 320G Model LF1 Laptop,"INR 5,561.81"
New Dell G5587-7037RED-PUS 15.6'' FHD Laptop i7-8750H 8GB 1TB+128GB GTX 1050Ti,"INR 60,109.16"
"HP Pavilion x360 14m-cd0001dx 14"" HD Touch i3-8130U 8GB 500GB W10H 4BV71UA SD","INR 26,421.22"
"Dell Latitude 3560 15.6"" HD Core i3-5015U 2.1GHz 4GB 250GB HDD W10P Laptop","INR 17,382.14"
NEW LISTINGDell Latitude E7240 128GB SSD Intel Core i5-4300U 8GB Ram Win10Pro WebCam WiFi,"INR 10,399.81"
"ASUS Q504UA 15.6"" FHD Touch i5-7200U 12GB 1TB W10H 2in1 Convertible Laptop U","INR 27,811.85"
Lenovo Thinkpad X1 12'' FHD+ Touchscreen 2-in-1 Laptop Intel M7-6Y75 8GB 256GB,"INR 47,941.18"
,"INR 7,787.51"
,"INR 177,301.49"
HP Pavilion x360 15-cr0091ms 15.6'' FHD Touch Laptop i5-8250U 8GB 128GB SSD,"INR 34,730.22"
Brand New HP Stream Laptop Win 10 w 1-year Office 365 Ships Fast Multi Color,"INR 13,905.58 to INR 15,991.52"
NEW LISTINGLenovo Twist Laptop i5 128GB SSD 4GB Win 10 Pro Touchscreen IPS webcam S230u AC,"INR 7,647.75"
Hp Envy 15z-j000 Laptop 12GB Ram AMD A10-5750M 2.5 GHz Windows 1TB Finger Scan,"INR 27,812.54"
New HP Pavilion 13-an010nr 13.3'' FHD Light Laptop Intel i5-8265U 8GB 256GB SSD,"INR 40,292.73"
"Read: description Microsoft Surface Book 1703 13.5"" i5-6300U 8GB 128GB W10P U3","INR 13,905.58"
LENOVO IDEAPAD 81DE00T0US 2.2GHZ 4GB 1TB INTEL UHD GRAPHICS WIN 10 HOME LAPTOP,"INR 21,901.68"
,"INR 15,575.02 to INR 34,070.37"
,"INR 7,578.92"
"Samsung ATIV Book 9, 256GB, i7 1.8GHz 8GB Windows 10 Notebook Laptop Computer","INR 34,765.68"
"Dell Latitude E7470 14"" Touch WQHD Core i7-6600U 8GB 512GB SSD W10P Laptop","INR 41,718.12"
Lenovo ThinkPad T430 Intel Core i5-3320M 2.60GHz 500GB HDD 8GB RAM 1600 x 900,"INR 9,386.73"
New Dell G3 G3579-5467BLK-PUS 15.6'' FHD Laptop i5-8300H 8GB 1TB HHD GTX 1050 Ti,"INR 49,331.80"
New Lenovo Legion Y7000 15.6'' FHD 144Hz Laptop i7-8750H 16GB 512GB SSD GTX 1060,"INR 88,964.68"
"ASUS K570UD-DS74 15.6"" i7-8550U 8GB RAM 256 GB SSD 1TB HDD Gaming Laptop","INR 62,577.53"
Dell Latitude E7450 Laptop core i5 5300u 2.3GHz 4GB 256GB SSD Webcam #145,"INR 12,863.30"
"Microsoft Surface Laptop 1782 13.5"" Touch M3-7Y30 1GHz 4GB 128GB SSD W10 Grey U","INR 27,811.85"
"HP ZBook 17 G2 15.6"" Intel Core i7-4810MQ 2.8GHz 32GB RAM 1TB HDD Windows 10 Pro","INR 44,847.73"
"EZbook 3 Pro 13.3"" FHD IPS Laptop Quad Core Win10 Dual Band WiFi (Silver)","INR 20,789.88"
Dell Latitude 14 7414 Rugged Extreme Laptop i7-6600U 16GB 2TB A-GPS 4G LTE WIN10,"INR 229,452.79"
"HP 15.6"" Laptop G62-225DX","INR 20,859.41"
"Dell Inspiron 15 i5567-7161GRY / Intel i7 12GB RAM 1TB HDD 15.6"" Win 10 Laptop","INR 37,615.77"
,"INR 5,492.98"
,"INR 5,492.98"
"Toshiba SATELLITE S55T-B5152 15.6"" Intel Core i5 2.00GHz 4GB Windows 10 500GB HD","INR 13,905.58"
"Dell Inspiron 5570 15.6"" FHD Core i7-8550U 1.8GHz 12GB 2TB HDD W10H Laptop U","INR 40,327.49"
"Sony VAIO E Series 17"" 660GB Intel Core i7 8GB 2.20 GHZ Win10 Laptop Computer","INR 10,881.66"
Dell 2-in-1 13.3'' FHD Touchscreen Laptop Ryzen 7 12GB 256GB Radeon RX Vega 10,"INR 45,159.92"
"New Lenovo E570 20H5009GUS 15.6"" Laptop i7-6500U 2.5GHz 8GB 256GB GT 940MX W10P","INR 55,624.39"
"HP 17-by0087cl Touchscreen 17.3"" Core i7-8550U 8th Gen 24G Memory, 2TB HDD Win10","INR 55,555.56"
New Lenovo Yoga 920 80Y7000WUS 2-in-1 13.9'' FHD Touch Laptop i7-8550U 8GB 256GB,"INR 69,495.90"
New HP Envy 15M-CP0011DX 2-in-1 15.6'' FHD Touch Laptop Ryzen 5 8GB 128GB Vega 8,"INR 43,073.98"
"Dell Inspiron 15 7567 15.6"" FHD i5-7300HQ 8GB 1TB HDD GTX1050 W10H Gaming Laptop","INR 40,327.49"
New Asus X555QA-CBA12A 15.6'' HD Laptop AMD A12-9720P 8GB 128GB SSD Radeon R7,"INR 24,717.70"
"Razer Blade 14"" Slim Gaming Laptop - Core i7 6700HQ, GTX 1060 6GB 16GB 512SSD","INR 64,663.47"
"UPGRADED Dell Precision M6500 17"" Laptop i7 Extreme 24MB RAM 1TB SSD WiFi AC","INR 40,953.97"
"Lenovo Yoga 460 14"" Laptop / 150GB 16RAM 2.5GHz i-7 6500U / Microsoft Windows 10","INR 34,696.15"
"Dell Inspiron 11 Laptop computer model 3162 11.6"" screen Windows 10 notebook","INR 12,515.64"
"Lenovo ThinkPad Twist S230u 12.5"" Touch i7-3537U 2GHz 8GB 128GB SSD W10P 33476LU","INR 11,819.64"
New HP X2 12-F014DX 12.3'' Touchscreen Chromebook Intel Core M 4GB 32GB eMMC,"INR 34,382.56"
"NEW HP Spectre x360 2-in-1 13.3"" UHD Touch Laptop Intel Core i7-8565U 16GB, 512G","INR 97,342.51"
"Dell Inspiron 7373 13.3"" FHD Touch i5-8250U 8GB 256GB W10H 2in1 Laptop U1","INR 34,764.98"
,"INR 15,227.37 to INR 36,851.62"
,"INR 31,914.89 to INR 41,023.50"
"Dell Precision 3510 i7 6820HQ 2.7GHz 16GB 512GB SSD 15.6"" 1920x1080 Dell Wty.","INR 34,696.15"
LENOVO 20FN002JUS 2.4GHZ 8GB 256GB INTEL HD GRAPHICS 520 WINDOWS 7 PRO LAPTOP,"INR 69,530.66"
Lenovo Thinkpad X230 Laptop Core i5-2.6GHz 8GB Ram 300GB HD WIN10 P Touchscreen,"INR 6,675.01"
,"INR 20,998.47 to INR 42,344.60"
,"INR 19,468.78"
"HP 15-Series Laptop 15.6"" HD Touch AMD A9-9425 3.10GHz 8GB 128GB/SSD DVDRW Red","INR 28,197.75"
THE NEW 2019 RTX 2070 4K Touch RAZER BLADE 15 Laptop - Black,"INR 278,055.90"
"Microsoft Surface Laptop 1769 13.5"" Touch i5-7200 2.5GHz 4GB 128GB SSD W10S U","INR 31,288.42"
"ASUS ROG Strix Gaming Laptop 17”, i7-7700HQ, GTX1080 8GB, 32GB RAM, 256GB+2TB","INR 132,109.58"
"ASUS 13.3"" Laptop VivoBook ASQ301 Core i5 1.60 GHz 6 GB 500GB Win 8 Touchscreen","INR 25,370.60"
"Dell Inspiron 13 7353 13.3"" FHD Touch i7-6500U 8GB 256GB SSD W10H 2in1 Laptop U1","INR 24,335.28"
"New Lenovo Flex 14"" 2-in-1 Laptop,81EM000UUS, i5-8250U,256GB SSD,8GB DDR4,Win 10","INR 49,711.44"
Dell Alienware 15 R2 i7 6th Gen 256GB SSD 1TB HDD Gaming Laptop,"INR 102,902.24"
Dell 15 5000 5566 Inspiron i5-7200 8GB 1TB Windows 10 - Black Laptop/Notebook,"INR 27,809.07"
,"INR 41,649.28 to INR 115,004.87"
,"INR 13,558.61"
New Lenovo ThinkPad L380 Yoga 2-in-1 13.3'' FHD Laptop i5-7200U 8GB 512GB SSD,"INR 51,417.74"
New Dell XPS 9370 13.3'' 4K UHD Touchscreen Laptop i5-8250U 8GB 128GB Rose Gold,"INR 68,105.27"
Lenovo Yoga 2 Pro Orange 2-in-1 Laptop Core i7-4500u@1.8GHz 8GB 512GB-SSD Boot,"INR 31,289.11"
New HP 15-db0050nr 15.6'' HD Laptop AMD A4-9125 4GB 128GB SSD Radeon R3 Win10,"INR 23,605.20"
"Lenovo Flex 5 1570 15.6"" FHD IPS Touch i7-7500U 2.7GHz 8GB 512GB 2in1 Laptop W10","INR 41,718.12"
"Dell XPS 13 9370 13.3"" FHD Core i7-8550U 1.8GHz 8GB 256GB W10H Laptop S","INR 62,577.53"
New Toshiba BTO premium laptop notebook A30-D I7-7600U 512/16 W10P,"INR 83,368.10"
,"INR 10,777.36"
,"INR 17,730.50"
"Getac B300 Rugged Notebook Laptop PC, IP65, BASIC CONFIGURATION","INR 231,122.24"
"Dell Inspiron 5565 15"" HD AMD A9-9400 2.4GHz 8GB 1TB HDD R5 W10H Gold Laptop S","INR 20,858.71"
"Dell Inspiron 13 7370 13.3"" Laptop Intel Core i5-8250U 1.6GHz 8GB 256GB UHD 620","INR 52,564.32"
"LENOVO THINKPAD P50 LAPTOP 15.6"" - CORE I7 6700HQ - 8 GB RAM - 500 GB","INR 65,985.26"
New Lenovo Yoga 730 81CU0009US 15.6'' FHD Touch Laptop i7-8550U 8GB 256GB SSD,"INR 59,066.19"
"HP ProBook 455 G5 15.6"" HD AMD A9-9420 3.0GHz 4GB 500GB Radeon R5 W10P Laptop SD","INR 20,859.41"
"ASUS Chromebook 11.6"" - Refurbished GRADE A - FREE SHIPPING","INR 5,214.85"
"ASUS Chromebook Flip Laptop C302 12.5in. (64GB, Intel Core m3, 2.2GHz, 4GB)","INR 27,115.84"
"Lenovo ThinkPad X220 Tablet - 12.5"" - Core i7 2620M - 8GB - 256GB SSD","INR 14,949.24"
"Razer Blade Stealth 13.3"" QHD+ Touch i7-8550U 16GB 512GB W10H RZ09-02393E32 U","INR 57,710.33"
LENOVO 3000 C100 1.5GHZ 2GB WIN XP 70GB LAPTOP COMPUTER,"INR 1,077.04"
Dell Inspiron i5575-A410BLU-PUS 15.6'' FHD Laptop Ryzen 5 2500U 4GB 1TB Vega8,"INR 30,419.27"
"Dell Inspiron 17 5765 17.3"" HD+ AMD FX-9800P 8GB 1TB R7 W10H Purple Laptop SD","INR 36,850.92"
,"INR 11,820.33"
,"INR 10,513.14"
